{
  "vitest.config.ts": 1779769559.9853337,
  "_graphify_summary.py": 1779798692.7649202,
  "frontend\\postcss.config.js": 1779769921.8293536,
  "frontend\\tailwind.config.js": 1779769907.080498,
  "frontend\\vite.config.ts": 1779769177.295303,
  "frontend\\src\\api.ts": 1779780592.647832,
  "frontend\\src\\App.tsx": 1779779998.992639,
  "frontend\\src\\main.tsx": 1779770122.7770767,
  "frontend\\src\\types.ts": 1779769190.615772,
  "frontend\\src\\vite-env.d.ts": 1779774527.3628976,
  "frontend\\src\\components\\AdminLayout.tsx": 1779777449.0393896,
  "frontend\\src\\components\\BottomNav.tsx": 1779769981.8317313,
  "frontend\\src\\components\\Footer.tsx": 1779769976.6089697,
  "frontend\\src\\components\\Navbar.tsx": 1779779989.6366787,
  "frontend\\src\\components\\ProductCard.tsx": 1779779355.4579456,
  "frontend\\src\\components\\SearchInput.tsx": 1779769212.348588,
  "frontend\\src\\context\\AuthContext.tsx": 1779776052.272312,
  "frontend\\src\\hooks\\useSearch.ts": 1779769196.2227423,
  "frontend\\src\\pages\\About.tsx": 1779770435.388752,
  "frontend\\src\\pages\\Contact.tsx": 1779770485.8172617,
  "frontend\\src\\pages\\FeaturedPage.tsx": 1779779946.2347672,
  "frontend\\src\\pages\\HomePage.tsx": 1779779976.384613,
  "frontend\\src\\pages\\Login.tsx": 1779770001.8706613,
  "frontend\\src\\pages\\NotFound.tsx": 1779770092.0813704,
  "frontend\\src\\pages\\ProductDetail.tsx": 1779779344.832274,
  "frontend\\src\\pages\\Register.tsx": 1779770019.6462405,
  "frontend\\src\\pages\\SearchPage.tsx": 1779781077.596285,
  "frontend\\src\\pages\\admin\\AdminDashboard.tsx": 1779775556.0044236,
  "frontend\\src\\pages\\admin\\AdminProductForm.tsx": 1779780192.9165647,
  "frontend\\src\\pages\\admin\\AdminProducts.tsx": 1779774453.1248171,
  "frontend\\src\\pages\\admin\\AdminSettings.tsx": 1779774475.866646,
  "src\\pipeline.ts": 1779769115.8159728,
  "src\\affiliate\\cloak.ts": 1779769066.0237813,
  "src\\affiliate\\parser.ts": 1779769059.9607677,
  "src\\aggregators\\amazon.ts": 1779769080.6394,
  "src\\aggregators\\base.ts": 1779769473.0108795,
  "src\\aggregators\\ebay.ts": 1779769092.3944633,
  "src\\aggregators\\flipkart.ts": 1779769086.1742835,
  "src\\aggregators\\orchestrator.ts": 1779769108.9748926,
  "src\\aggregators\\scraper.ts": 1779769515.5153477,
  "src\\api\\admin-routes.ts": 1779779571.8918507,
  "src\\api\\auth-routes.ts": 1779775442.625108,
  "src\\api\\routes.ts": 1779781343.630066,
  "src\\api\\scrape.ts": 1779781305.1566522,
  "src\\api\\search-platform.ts": 1779781319.1862414,
  "src\\api\\server.ts": 1779775449.2679584,
  "src\\cache\\cache.ts": 1779769040.1433449,
  "src\\db\\connection.ts": 1779769552.9018033,
  "src\\db\\migrate.ts": 1779769032.279179,
  "src\\db\\schema.ts": 1779769026.35696,
  "src\\db\\seed.ts": 1779769646.2098987,
  "src\\db\\supabase-seed.ts": 1779773235.5771627,
  "src\\db\\supabase.ts": 1779773219.2909293,
  "src\\middleware\\rateLimit.ts": 1779769125.5440223,
  "src\\normalize\\matcher.ts": 1779769054.1193168,
  "src\\normalize\\sanitizer.ts": 1779769046.143104,
  "src\\queue\\worker.ts": 1779769122.4787943,
  "src\\types\\index.ts": 1779769011.7789612,
  "src\\utils\\config.ts": 1779769599.2162337,
  "src\\utils\\logger.ts": 1779769020.9118989,
  "tests\\affiliate.test.ts": 1779769575.3163583,
  "tests\\cache.test.ts": 1779769590.7589934,
  "tests\\integration.test.ts": 1779769626.2821229,
  "tests\\normalize.test.ts": 1779769564.3210146,
  "frontend\\index.html": 1779770136.533887
}